<?xml version="1.0" encoding="UTF-8"?>
<project-private xmlns="http://www.netbeans.org/ns/project-private/1">
    <editor-bookmarks xmlns="http://www.netbeans.org/ns/editor-bookmarks/2" lastBookmarkId="0"/>
    <open-files xmlns="http://www.netbeans.org/ns/projectui-open-files/2">
        <group>
            <file>file:/C:/Users/adityajain/Desktop/Bank%20Management/src/bank/management/AccountDetails1.java</file>
            <file>file:/C:/Users/adityajain/Desktop/Bank%20Management/src/bank/management/Home.java</file>
            <file>file:/C:/Users/adityajain/Desktop/Bank%20Management/src/bank/management/CustomerMain.java</file>
            <file>file:/C:/Users/adityajain/Desktop/Bank%20Management/src/bank/management/BranchDetails.java</file>
            <file>file:/C:/Users/adityajain/Desktop/Bank%20Management/src/bank/management/CheckBalance.java</file>
            <file>file:/C:/Users/adityajain/Desktop/Bank%20Management/src/bank/management/CustomerBalance.java</file>
            <file>file:/C:/Users/adityajain/Desktop/Bank%20Management/src/bank/management/AddAccount1.java</file>
            <file>file:/C:/Users/adityajain/Desktop/Bank%20Management/src/bank/management/DeleteEmployee.java</file>
            <file>file:/C:/Users/adityajain/Desktop/Bank%20Management/src/bank/management/BankManagement.java</file>
            <file>file:/C:/Users/adityajain/Desktop/Bank%20Management/src/bank/management/signup.java</file>
            <file>file:/C:/Users/adityajain/Desktop/Bank%20Management/src/bank/management/CustomerLogin.java</file>
            <file>file:/C:/Users/adityajain/Desktop/Bank%20Management/src/bank/management/Transaction1.java</file>
            <file>file:/C:/Users/adityajain/Desktop/Bank%20Management/src/bank/management/CustomerTransactionDetails.java</file>
            <file>file:/C:/Users/adityajain/Desktop/Bank%20Management/src/bank/management/AddBranch.java</file>
            <file>file:/C:/Users/adityajain/Desktop/Bank%20Management/src/bank/management/EmployeePage.java</file>
            <file>file:/C:/Users/adityajain/Desktop/Bank%20Management/src/bank/management/CustomerTransaction.java</file>
            <file>file:/C:/Users/adityajain/Desktop/Bank%20Management/src/bank/management/BranchDetails1.java</file>
            <file>file:/C:/Users/adityajain/Desktop/Bank%20Management/src/bank/management/NewEmployee.java</file>
            <file>file:/C:/Users/adityajain/Desktop/Bank%20Management/src/bank/management/TransactionDetails1.java</file>
            <file>file:/C:/Users/adityajain/Desktop/Bank%20Management/src/bank/management/HomePage.java</file>
            <file>file:/C:/Users/adityajain/Desktop/Bank%20Management/src/bank/management/NewJFrame.java</file>
            <file>file:/C:/Users/adityajain/Desktop/Bank%20Management/src/bank/management/TransactionDetails.java</file>
            <file>file:/C:/Users/adityajain/Desktop/Bank%20Management/src/bank/management/Transaction.java</file>
            <file>file:/C:/Users/adityajain/Desktop/Bank%20Management/src/bank/management/CheckBalance1.java</file>
            <file>file:/C:/Users/adityajain/Desktop/Bank%20Management/src/bank/management/IssueCreditCard.java</file>
            <file>file:/C:/Users/adityajain/Desktop/Bank%20Management/src/bank/management/DeleteAccount.java</file>
            <file>file:/C:/Users/adityajain/Desktop/Bank%20Management/src/bank/management/EmployeeDetails.java</file>
            <file>file:/C:/Users/adityajain/Desktop/Bank%20Management/src/bank/management/AccountDetails.java</file>
            <file>file:/C:/Users/adityajain/Desktop/Bank%20Management/src/bank/management/Login.java</file>
            <file>file:/C:/Users/adityajain/Desktop/Bank%20Management/src/bank/management/department.java</file>
            <file>file:/C:/Users/adityajain/Desktop/Bank%20Management/src/bank/management/IssueCreditCard1.java</file>
            <file>file:/C:/Users/adityajain/Desktop/Bank%20Management/src/bank/management/AddAccount.java</file>
            <file>file:/C:/Users/adityajain/Desktop/Bank%20Management/src/bank/management/employeehome.java</file>
        </group>
    </open-files>
</project-private>
