<?xml version="1.0" encoding="UTF-8"?>
<project-private xmlns="http://www.netbeans.org/ns/project-private/1">
    <editor-bookmarks xmlns="http://www.netbeans.org/ns/editor-bookmarks/2" lastBookmarkId="0"/>
    <open-files xmlns="http://www.netbeans.org/ns/projectui-open-files/2">
        <group>
            <file>file:/C:/Users/adityajain/Desktop/MIS/Bank%20Management/src/bank/management/CheckBalance.java</file>
            <file>file:/C:/Users/adityajain/Desktop/MIS/Bank%20Management/src/bank/management/CustomerMain.java</file>
            <file>file:/C:/Users/adityajain/Desktop/MIS/Bank%20Management/src/bank/management/CustomerLogin.java</file>
            <file>file:/C:/Users/adityajain/Desktop/MIS/Bank%20Management/src/bank/management/CheckBalance1.java</file>
            <file>file:/C:/Users/adityajain/Desktop/MIS/Bank%20Management/src/bank/management/BankManagement.java</file>
            <file>file:/C:/Users/adityajain/Desktop/MIS/Bank%20Management/src/bank/management/DeleteEmployee.java</file>
            <file>file:/C:/Users/adityajain/Desktop/MIS/Bank%20Management/src/bank/management/CustomerTransactionDetails.java</file>
            <file>file:/C:/Users/adityajain/Desktop/MIS/Bank%20Management/src/bank/management/CustomerBalance.java</file>
            <file>file:/C:/Users/adityajain/Desktop/MIS/Bank%20Management/src/bank/management/Login.java</file>
            <file>file:/C:/Users/adityajain/Desktop/MIS/Bank%20Management/src/bank/management/signup.java</file>
            <file>file:/C:/Users/adityajain/Desktop/MIS/Bank%20Management/src/bank/management/NewJFrame.java</file>
            <file>file:/C:/Users/adityajain/Desktop/MIS/Bank%20Management/src/bank/management/CustomerTransaction.java</file>
        </group>
    </open-files>
</project-private>
